supplier_id,supplier_name,item_id,on_time_rate,return_rate
S001,Supplier Alpha,1001,0.88,0.43
S002,Supplier Beta,1002,0.92,0.32
S003,Supplier Gamma,1003,0.89,0.37
S004,Supplier Delta,1004,0.91,0.39
S005,Supplier Epsilon,1005,0.86,0.16
S006,Supplier Zeta,1006,0.9,0.32
S007,Supplier Eta,1007,0.69,0.13
S008,Supplier Theta,1008,0.85,0.09
S009,Supplier Iota,1009,0.79,0.45
S010,Supplier Kappa,1010,0.75,0.13
S011,Supplier Lambda,1011,0.67,0.06
S012,Supplier Mu,1012,0.94,0.19
S013,Supplier Nu,1013,0.7,0.38
S014,Supplier Xi,1014,0.95,0.06
S015,Supplier Omicron,1015,0.67,0.22
S016,TechCorp Inc,1016,0.85,0.1
S017,Global Parts Ltd,1017,0.72,0.15
S018,Quality Components,1018,0.76,0.19
S019,Reliable Supply Co,1019,0.67,0.4
S020,Premium Materials,1020,0.74,0.11
S021,FastTrack Logistics,1021,0.88,0.26
S022,Elite Manufacturing,1022,0.87,0.33
S023,Core Systems,1023,0.96,0.23
S024,Advanced Solutions,1024,0.8,0.39
S025,Prime Vendors,1025,0.69,0.09
S026,Supplier Alpha,1001,0.85,0.36
S027,Supplier Beta,1002,0.96,0.38
S028,Supplier Gamma,1003,0.66,0.09
S029,Supplier Delta,1004,0.86,0.4
S030,Supplier Epsilon,1005,0.95,0.11
S031,Supplier Zeta,1006,0.75,0.23
S032,Supplier Eta,1007,0.82,0.34
S033,Supplier Theta,1008,0.68,0.31
S034,Supplier Iota,1009,0.76,0.11
S035,Supplier Kappa,1010,0.93,0.23
S036,Supplier Lambda,1011,0.79,0.36
S037,Supplier Mu,1012,0.73,0.37
S038,Supplier Nu,1013,0.76,0.25
S039,Supplier Xi,1014,0.68,0.2
S040,Supplier Omicron,1015,0.9,0.19
S041,TechCorp Inc,1016,0.87,0.11
S042,Global Parts Ltd,1017,0.9,0.22
S043,Quality Components,1018,0.73,0.37
S044,Reliable Supply Co,1019,0.79,0.21
S045,Premium Materials,1020,0.8,0.39
S046,FastTrack Logistics,1021,0.91,0.19
S047,Elite Manufacturing,1022,0.66,0.11
S048,Core Systems,1023,0.65,0.37
S049,Advanced Solutions,1024,0.96,0.08
S050,Prime Vendors,1025,0.75,0.44
S051,Supplier Alpha,1001,0.7,0.07
S052,Supplier Beta,1002,0.9,0.31
S053,Supplier Gamma,1003,0.86,0.41
S054,Supplier Delta,1004,0.67,0.3
S055,Supplier Epsilon,1005,0.89,0.31
S056,Supplier Zeta,1006,0.82,0.17
S057,Supplier Eta,1007,0.78,0.32
S058,Supplier Theta,1008,0.83,0.17
S059,Supplier Iota,1009,0.9,0.41
S060,Supplier Kappa,1010,0.65,0.16
S061,Supplier Lambda,1011,0.82,0.42
S062,Supplier Mu,1012,0.88,0.23
S063,Supplier Nu,1013,0.72,0.27
S064,Supplier Xi,1014,0.91,0.31
S065,Supplier Omicron,1015,0.88,0.41
S066,TechCorp Inc,1016,0.91,0.21
S067,Global Parts Ltd,1017,0.72,0.17
S068,Quality Components,1018,0.66,0.18
S069,Reliable Supply Co,1019,0.89,0.35
S070,Premium Materials,1020,0.69,0.45
S071,FastTrack Logistics,1021,0.74,0.09
S072,Elite Manufacturing,1022,0.83,0.26
S073,Core Systems,1023,0.9,0.11
S074,Advanced Solutions,1024,0.66,0.37
S075,Prime Vendors,1025,0.85,0.15
S076,Supplier Alpha,1001,0.91,0.34
S077,Supplier Beta,1002,0.98,0.09
S078,Supplier Gamma,1003,0.67,0.2
S079,Supplier Delta,1004,0.86,0.19
S080,Supplier Epsilon,1005,0.67,0.31
S081,Supplier Zeta,1006,0.69,0.17
S082,Supplier Eta,1007,0.89,0.23
S083,Supplier Theta,1008,0.97,0.37
S084,Supplier Iota,1009,0.98,0.28
S085,Supplier Kappa,1010,0.95,0.3
S086,Supplier Lambda,1011,0.83,0.29
S087,Supplier Mu,1012,0.77,0.16
S088,Supplier Nu,1013,0.91,0.34
S089,Supplier Xi,1014,0.87,0.34
S090,Supplier Omicron,1015,0.82,0.15
S091,TechCorp Inc,1016,0.76,0.28
S092,Global Parts Ltd,1017,0.92,0.19
S093,Quality Components,1018,0.68,0.33
S094,Reliable Supply Co,1019,0.92,0.08
S095,Premium Materials,1020,0.67,0.41
S096,FastTrack Logistics,1021,0.81,0.23
S097,Elite Manufacturing,1022,0.77,0.26
S098,Core Systems,1023,0.84,0.26
S099,Advanced Solutions,1024,0.78,0.16
S100,Prime Vendors,1025,0.81,0.22
S101,Supplier Alpha,1001,0.8,0.42
S102,Supplier Beta,1002,0.81,0.44
S103,Supplier Gamma,1003,0.92,0.11
S104,Supplier Delta,1004,0.69,0.33
S105,Supplier Epsilon,1005,0.69,0.33
S106,Supplier Zeta,1006,0.93,0.1
S107,Supplier Eta,1007,0.72,0.24
S108,Supplier Theta,1008,0.9,0.43
S109,Supplier Iota,1009,0.77,0.43
S110,Supplier Kappa,1010,0.85,0.21
S111,Supplier Lambda,1011,0.69,0.28
S112,Supplier Mu,1012,0.66,0.11
S113,Supplier Nu,1013,0.77,0.45
S114,Supplier Xi,1014,0.75,0.24
S115,Supplier Omicron,1015,0.91,0.11
S116,TechCorp Inc,1016,0.84,0.07
S117,Global Parts Ltd,1017,0.95,0.41
S118,Quality Components,1018,0.72,0.38
S119,Reliable Supply Co,1019,0.81,0.1
S120,Premium Materials,1020,0.77,0.4
S121,FastTrack Logistics,1021,0.79,0.28
S122,Elite Manufacturing,1022,0.84,0.41
S123,Core Systems,1023,0.91,0.24
S124,Advanced Solutions,1024,0.89,0.29
S125,Prime Vendors,1025,0.9,0.25
S126,Supplier Alpha,1001,0.8,0.23
S127,Supplier Beta,1002,0.8,0.4
S128,Supplier Gamma,1003,0.76,0.37
S129,Supplier Delta,1004,0.87,0.21
S130,Supplier Epsilon,1005,0.73,0.21
S131,Supplier Zeta,1006,0.83,0.43
S132,Supplier Eta,1007,0.94,0.34
S133,Supplier Theta,1008,0.86,0.4
S134,Supplier Iota,1009,0.88,0.28
S135,Supplier Kappa,1010,0.91,0.33
S136,Supplier Lambda,1011,0.84,0.1
S137,Supplier Mu,1012,0.83,0.13
S138,Supplier Nu,1013,0.85,0.28
S139,Supplier Xi,1014,0.67,0.28
S140,Supplier Omicron,1015,0.71,0.24
S141,TechCorp Inc,1016,0.95,0.1
S142,Global Parts Ltd,1017,0.96,0.12
S143,Quality Components,1018,0.66,0.36
S144,Reliable Supply Co,1019,0.73,0.33
S145,Premium Materials,1020,0.94,0.23
S146,FastTrack Logistics,1021,0.92,0.29
S147,Elite Manufacturing,1022,0.78,0.07
S148,Core Systems,1023,0.93,0.06
S149,Advanced Solutions,1024,0.79,0.22
S150,Prime Vendors,1025,0.93,0.18
S151,Supplier Alpha,1001,0.73,0.1
S152,Supplier Beta,1002,0.68,0.12
S153,Supplier Gamma,1003,0.7,0.15
S154,Supplier Delta,1004,0.68,0.17
S155,Supplier Epsilon,1005,0.78,0.12
S156,Supplier Zeta,1006,0.85,0.18
S157,Supplier Eta,1007,0.66,0.07
S158,Supplier Theta,1008,0.78,0.18
S159,Supplier Iota,1009,0.79,0.18
S160,Supplier Kappa,1010,0.77,0.38
S161,Supplier Lambda,1011,0.69,0.13
S162,Supplier Mu,1012,0.9,0.28
S163,Supplier Nu,1013,0.81,0.35
S164,Supplier Xi,1014,0.78,0.1
S165,Supplier Omicron,1015,0.67,0.24
S166,TechCorp Inc,1016,0.78,0.24
S167,Global Parts Ltd,1017,0.78,0.14
S168,Quality Components,1018,0.94,0.16
S169,Reliable Supply Co,1019,0.97,0.32
S170,Premium Materials,1020,0.73,0.27
S171,FastTrack Logistics,1021,0.91,0.17
S172,Elite Manufacturing,1022,0.78,0.08
S173,Core Systems,1023,0.86,0.13
S174,Advanced Solutions,1024,0.97,0.2
S175,Prime Vendors,1025,0.98,0.36
S176,Supplier Alpha,1001,0.83,0.22
S177,Supplier Beta,1002,0.95,0.23
S178,Supplier Gamma,1003,0.65,0.24
S179,Supplier Delta,1004,0.92,0.17
S180,Supplier Epsilon,1005,0.97,0.05
S181,Supplier Zeta,1006,0.96,0.24
S182,Supplier Eta,1007,0.85,0.39
S183,Supplier Theta,1008,0.78,0.19
S184,Supplier Iota,1009,0.86,0.28
S185,Supplier Kappa,1010,0.82,0.07
S186,Supplier Lambda,1011,0.89,0.28
S187,Supplier Mu,1012,0.75,0.21
S188,Supplier Nu,1013,0.69,0.11
S189,Supplier Xi,1014,0.83,0.16
S190,Supplier Omicron,1015,0.79,0.29
S191,TechCorp Inc,1016,0.97,0.18
S192,Global Parts Ltd,1017,0.88,0.19
S193,Quality Components,1018,0.74,0.35
S194,Reliable Supply Co,1019,0.8,0.15
S195,Premium Materials,1020,0.97,0.19
S196,FastTrack Logistics,1021,0.8,0.29
S197,Elite Manufacturing,1022,0.66,0.33
S198,Core Systems,1023,0.86,0.05
S199,Advanced Solutions,1024,0.81,0.41
S200,Prime Vendors,1025,0.87,0.22
S201,Supplier Alpha,1001,0.95,0.33
S202,Supplier Beta,1002,0.9,0.27
S203,Supplier Gamma,1003,0.91,0.31
S204,Supplier Delta,1004,0.68,0.06
S205,Supplier Epsilon,1005,0.92,0.32
S206,Supplier Zeta,1006,0.87,0.19
S207,Supplier Eta,1007,0.92,0.38
S208,Supplier Theta,1008,0.77,0.12
S209,Supplier Iota,1009,0.9,0.33
S210,Supplier Kappa,1010,0.65,0.24
S211,Supplier Lambda,1011,0.96,0.23
S212,Supplier Mu,1012,0.72,0.06
S213,Supplier Nu,1013,0.74,0.42
S214,Supplier Xi,1014,0.77,0.09
S215,Supplier Omicron,1015,0.85,0.17
S216,TechCorp Inc,1016,0.89,0.14
S217,Global Parts Ltd,1017,0.81,0.2
S218,Quality Components,1018,0.74,0.41
S219,Reliable Supply Co,1019,0.88,0.13
S220,Premium Materials,1020,0.71,0.38
S221,FastTrack Logistics,1021,0.78,0.4
S222,Elite Manufacturing,1022,0.84,0.25
S223,Core Systems,1023,0.83,0.31
S224,Advanced Solutions,1024,0.84,0.32
S225,Prime Vendors,1025,0.84,0.08
S226,Supplier Alpha,1001,0.69,0.08
S227,Supplier Beta,1002,0.74,0.28
S228,Supplier Gamma,1003,0.73,0.26
S229,Supplier Delta,1004,0.91,0.13
S230,Supplier Epsilon,1005,0.87,0.45
S231,Supplier Zeta,1006,0.88,0.26
S232,Supplier Eta,1007,0.73,0.27
S233,Supplier Theta,1008,0.8,0.43
S234,Supplier Iota,1009,0.86,0.43
S235,Supplier Kappa,1010,0.67,0.43
S236,Supplier Lambda,1011,0.79,0.45
S237,Supplier Mu,1012,0.74,0.32
S238,Supplier Nu,1013,0.8,0.19
S239,Supplier Xi,1014,0.9,0.4
S240,Supplier Omicron,1015,0.72,0.16
S241,TechCorp Inc,1016,0.79,0.23
S242,Global Parts Ltd,1017,0.65,0.13
S243,Quality Components,1018,0.68,0.28
S244,Reliable Supply Co,1019,0.66,0.34
S245,Premium Materials,1020,0.97,0.22
S246,FastTrack Logistics,1021,0.67,0.15
S247,Elite Manufacturing,1022,0.7,0.17
S248,Core Systems,1023,0.86,0.09
S249,Advanced Solutions,1024,0.81,0.37
S250,Prime Vendors,1025,0.85,0.3
S251,Supplier Alpha,1001,0.76,0.15
S252,Supplier Beta,1002,0.69,0.15
S253,Supplier Gamma,1003,0.76,0.07
S254,Supplier Delta,1004,0.76,0.37
S255,Supplier Epsilon,1005,0.96,0.36
S256,Supplier Zeta,1006,0.85,0.36
S257,Supplier Eta,1007,0.86,0.28
S258,Supplier Theta,1008,0.68,0.07
S259,Supplier Iota,1009,0.66,0.18
S260,Supplier Kappa,1010,0.93,0.08
S261,Supplier Lambda,1011,0.69,0.42
S262,Supplier Mu,1012,0.8,0.17
S263,Supplier Nu,1013,0.86,0.08
S264,Supplier Xi,1014,0.87,0.27
S265,Supplier Omicron,1015,0.75,0.2
S266,TechCorp Inc,1016,0.68,0.35
S267,Global Parts Ltd,1017,0.73,0.29
S268,Quality Components,1018,0.87,0.05
S269,Reliable Supply Co,1019,0.78,0.37
S270,Premium Materials,1020,0.94,0.3
S271,FastTrack Logistics,1021,0.76,0.43
S272,Elite Manufacturing,1022,0.91,0.23
S273,Core Systems,1023,0.76,0.13
S274,Advanced Solutions,1024,0.68,0.29
S275,Prime Vendors,1025,0.67,0.37
S276,Supplier Alpha,1001,0.71,0.28
S277,Supplier Beta,1002,0.86,0.15
S278,Supplier Gamma,1003,0.79,0.34
S279,Supplier Delta,1004,0.8,0.15
S280,Supplier Epsilon,1005,0.91,0.07
S281,Supplier Zeta,1006,0.75,0.22
S282,Supplier Eta,1007,0.97,0.35
S283,Supplier Theta,1008,0.75,0.4
S284,Supplier Iota,1009,0.91,0.11
S285,Supplier Kappa,1010,0.75,0.19
S286,Supplier Lambda,1011,0.77,0.05
S287,Supplier Mu,1012,0.84,0.32
S288,Supplier Nu,1013,0.67,0.25
S289,Supplier Xi,1014,0.93,0.39
S290,Supplier Omicron,1015,0.79,0.13
S291,TechCorp Inc,1016,0.72,0.41
S292,Global Parts Ltd,1017,0.91,0.19
S293,Quality Components,1018,0.87,0.33
S294,Reliable Supply Co,1019,0.97,0.29
S295,Premium Materials,1020,0.76,0.28
S296,FastTrack Logistics,1021,0.97,0.3
S297,Elite Manufacturing,1022,0.79,0.11
S298,Core Systems,1023,0.8,0.37
S299,Advanced Solutions,1024,0.66,0.14
S300,Prime Vendors,1025,0.65,0.14
S301,Supplier Alpha,1001,0.73,0.3
S302,Supplier Beta,1002,0.73,0.34
S303,Supplier Gamma,1003,0.96,0.18
S304,Supplier Delta,1004,0.89,0.13
S305,Supplier Epsilon,1005,0.71,0.45
S306,Supplier Zeta,1006,0.77,0.08
S307,Supplier Eta,1007,0.66,0.1
S308,Supplier Theta,1008,0.75,0.13
S309,Supplier Iota,1009,0.84,0.36
S310,Supplier Kappa,1010,0.66,0.06
S311,Supplier Lambda,1011,0.72,0.12
S312,Supplier Mu,1012,0.94,0.34
S313,Supplier Nu,1013,0.76,0.27
S314,Supplier Xi,1014,0.71,0.06
S315,Supplier Omicron,1015,0.93,0.41
S316,TechCorp Inc,1016,0.66,0.32
S317,Global Parts Ltd,1017,0.78,0.36
S318,Quality Components,1018,0.69,0.42
S319,Reliable Supply Co,1019,0.75,0.15
S320,Premium Materials,1020,0.92,0.31
S321,FastTrack Logistics,1021,0.96,0.44
S322,Elite Manufacturing,1022,0.98,0.4
S323,Core Systems,1023,0.94,0.08
S324,Advanced Solutions,1024,0.7,0.42
S325,Prime Vendors,1025,0.91,0.13
S326,Supplier Alpha,1001,0.77,0.2
S327,Supplier Beta,1002,0.85,0.44
S328,Supplier Gamma,1003,0.73,0.07
S329,Supplier Delta,1004,0.85,0.13
S330,Supplier Epsilon,1005,0.83,0.37
S331,Supplier Zeta,1006,0.76,0.07
S332,Supplier Eta,1007,0.91,0.4
S333,Supplier Theta,1008,0.93,0.44
S334,Supplier Iota,1009,0.94,0.13
S335,Supplier Kappa,1010,0.68,0.24
S336,Supplier Lambda,1011,0.87,0.08
S337,Supplier Mu,1012,0.82,0.35
S338,Supplier Nu,1013,0.86,0.25
S339,Supplier Xi,1014,0.81,0.24
S340,Supplier Omicron,1015,0.76,0.2
S341,TechCorp Inc,1016,0.88,0.34
S342,Global Parts Ltd,1017,0.81,0.16
S343,Quality Components,1018,0.78,0.42
S344,Reliable Supply Co,1019,0.84,0.06
S345,Premium Materials,1020,0.72,0.13
S346,FastTrack Logistics,1021,0.93,0.21
S347,Elite Manufacturing,1022,0.75,0.41
S348,Core Systems,1023,0.84,0.42
S349,Advanced Solutions,1024,0.77,0.27
S350,Prime Vendors,1025,0.69,0.08
S351,Supplier Alpha,1001,0.8,0.19
S352,Supplier Beta,1002,0.84,0.24
S353,Supplier Gamma,1003,0.85,0.22
S354,Supplier Delta,1004,0.8,0.21
S355,Supplier Epsilon,1005,0.92,0.18
S356,Supplier Zeta,1006,0.78,0.12
S357,Supplier Eta,1007,0.73,0.31
S358,Supplier Theta,1008,0.77,0.08
S359,Supplier Iota,1009,0.93,0.26
S360,Supplier Kappa,1010,0.86,0.36
S361,Supplier Lambda,1011,0.96,0.09
S362,Supplier Mu,1012,0.67,0.07
S363,Supplier Nu,1013,0.72,0.13
S364,Supplier Xi,1014,0.76,0.17
S365,Supplier Omicron,1015,0.92,0.32
S366,TechCorp Inc,1016,0.74,0.33
S367,Global Parts Ltd,1017,0.98,0.45
S368,Quality Components,1018,0.9,0.35
S369,Reliable Supply Co,1019,0.95,0.05
S370,Premium Materials,1020,0.75,0.38
S371,FastTrack Logistics,1021,0.91,0.21
S372,Elite Manufacturing,1022,0.78,0.28
S373,Core Systems,1023,0.87,0.24
S374,Advanced Solutions,1024,0.82,0.35
S375,Prime Vendors,1025,0.7,0.21
S376,Supplier Alpha,1001,0.72,0.35
S377,Supplier Beta,1002,0.81,0.26
S378,Supplier Gamma,1003,0.91,0.35
S379,Supplier Delta,1004,0.89,0.23
S380,Supplier Epsilon,1005,0.91,0.18
S381,Supplier Zeta,1006,0.71,0.36
S382,Supplier Eta,1007,0.88,0.13
S383,Supplier Theta,1008,0.8,0.27
S384,Supplier Iota,1009,0.77,0.28
S385,Supplier Kappa,1010,0.69,0.43
S386,Supplier Lambda,1011,0.65,0.37
S387,Supplier Mu,1012,0.93,0.19
S388,Supplier Nu,1013,0.79,0.32
S389,Supplier Xi,1014,0.78,0.36
S390,Supplier Omicron,1015,0.83,0.18
S391,TechCorp Inc,1016,0.66,0.36
S392,Global Parts Ltd,1017,0.95,0.11
S393,Quality Components,1018,0.96,0.18
S394,Reliable Supply Co,1019,0.86,0.29
S395,Premium Materials,1020,0.85,0.4
S396,FastTrack Logistics,1021,0.97,0.13
S397,Elite Manufacturing,1022,0.78,0.26
S398,Core Systems,1023,0.71,0.09
S399,Advanced Solutions,1024,0.84,0.23
S400,Prime Vendors,1025,0.95,0.09
S401,Supplier Alpha,1001,0.68,0.27
S402,Supplier Beta,1002,0.66,0.33
S403,Supplier Gamma,1003,0.81,0.12
S404,Supplier Delta,1004,0.67,0.44
S405,Supplier Epsilon,1005,0.74,0.14
S406,Supplier Zeta,1006,0.87,0.08
S407,Supplier Eta,1007,0.67,0.26
S408,Supplier Theta,1008,0.71,0.39
S409,Supplier Iota,1009,0.79,0.11
S410,Supplier Kappa,1010,0.69,0.26
S411,Supplier Lambda,1011,0.81,0.08
S412,Supplier Mu,1012,0.97,0.4
S413,Supplier Nu,1013,0.69,0.13
S414,Supplier Xi,1014,0.79,0.33
S415,Supplier Omicron,1015,0.81,0.29
S416,TechCorp Inc,1016,0.96,0.28
S417,Global Parts Ltd,1017,0.82,0.32
S418,Quality Components,1018,0.74,0.05
S419,Reliable Supply Co,1019,0.7,0.08
S420,Premium Materials,1020,0.78,0.37
S421,FastTrack Logistics,1021,0.82,0.41
S422,Elite Manufacturing,1022,0.94,0.23
S423,Core Systems,1023,0.84,0.34
S424,Advanced Solutions,1024,0.75,0.4
S425,Prime Vendors,1025,0.8,0.33
S426,Supplier Alpha,1001,0.88,0.17
S427,Supplier Beta,1002,0.85,0.37
S428,Supplier Gamma,1003,0.71,0.15
S429,Supplier Delta,1004,0.95,0.34
S430,Supplier Epsilon,1005,0.8,0.41
S431,Supplier Zeta,1006,0.71,0.28
S432,Supplier Eta,1007,0.78,0.43
S433,Supplier Theta,1008,0.73,0.4
S434,Supplier Iota,1009,0.74,0.3
S435,Supplier Kappa,1010,0.75,0.42
S436,Supplier Lambda,1011,0.88,0.34
S437,Supplier Mu,1012,0.72,0.25
S438,Supplier Nu,1013,0.98,0.27
S439,Supplier Xi,1014,0.98,0.08
S440,Supplier Omicron,1015,0.68,0.36
S441,TechCorp Inc,1016,0.76,0.23
S442,Global Parts Ltd,1017,0.73,0.25
S443,Quality Components,1018,0.8,0.08
S444,Reliable Supply Co,1019,0.88,0.35
S445,Premium Materials,1020,0.78,0.35
S446,FastTrack Logistics,1021,0.93,0.21
S447,Elite Manufacturing,1022,0.65,0.1
S448,Core Systems,1023,0.95,0.18
S449,Advanced Solutions,1024,0.9,0.24
S450,Prime Vendors,1025,0.67,0.27
S451,Supplier Alpha,1001,0.73,0.43
S452,Supplier Beta,1002,0.7,0.38
S453,Supplier Gamma,1003,0.93,0.12
S454,Supplier Delta,1004,0.66,0.09
S455,Supplier Epsilon,1005,0.75,0.26
S456,Supplier Zeta,1006,0.78,0.08
S457,Supplier Eta,1007,0.9,0.32
S458,Supplier Theta,1008,0.7,0.19
S459,Supplier Iota,1009,0.72,0.06
S460,Supplier Kappa,1010,0.87,0.14
S461,Supplier Lambda,1011,0.88,0.38
S462,Supplier Mu,1012,0.92,0.31
S463,Supplier Nu,1013,0.89,0.41
S464,Supplier Xi,1014,0.78,0.17
S465,Supplier Omicron,1015,0.67,0.05
S466,TechCorp Inc,1016,0.9,0.36
S467,Global Parts Ltd,1017,0.96,0.2
S468,Quality Components,1018,0.73,0.09
S469,Reliable Supply Co,1019,0.79,0.45
S470,Premium Materials,1020,0.76,0.13
S471,FastTrack Logistics,1021,0.87,0.14
S472,Elite Manufacturing,1022,0.94,0.37
S473,Core Systems,1023,0.92,0.12
S474,Advanced Solutions,1024,0.71,0.22
S475,Prime Vendors,1025,0.69,0.18
S476,Supplier Alpha,1001,0.84,0.13
S477,Supplier Beta,1002,0.72,0.27
S478,Supplier Gamma,1003,0.96,0.1
S479,Supplier Delta,1004,0.72,0.19
S480,Supplier Epsilon,1005,0.71,0.21
S481,Supplier Zeta,1006,0.75,0.21
S482,Supplier Eta,1007,0.8,0.08
S483,Supplier Theta,1008,0.92,0.31
S484,Supplier Iota,1009,0.77,0.08
S485,Supplier Kappa,1010,0.72,0.17
S486,Supplier Lambda,1011,0.85,0.44
S487,Supplier Mu,1012,0.68,0.26
S488,Supplier Nu,1013,0.98,0.39
S489,Supplier Xi,1014,0.71,0.43
S490,Supplier Omicron,1015,0.85,0.44
S491,TechCorp Inc,1016,0.88,0.32
S492,Global Parts Ltd,1017,0.97,0.33
S493,Quality Components,1018,0.76,0.3
S494,Reliable Supply Co,1019,0.94,0.18
S495,Premium Materials,1020,0.93,0.24
S496,FastTrack Logistics,1021,0.76,0.29
S497,Elite Manufacturing,1022,0.84,0.2
S498,Core Systems,1023,0.86,0.14
S499,Advanced Solutions,1024,0.84,0.45
S500,Prime Vendors,1025,0.73,0.3
S501,Supplier Alpha,1001,0.95,0.17
S502,Supplier Beta,1002,0.89,0.35
S503,Supplier Gamma,1003,0.85,0.07
S504,Supplier Delta,1004,0.77,0.17
S505,Supplier Epsilon,1005,0.7,0.13
S506,Supplier Zeta,1006,0.66,0.42
S507,Supplier Eta,1007,0.85,0.43
S508,Supplier Theta,1008,0.89,0.18
S509,Supplier Iota,1009,0.74,0.31
S510,Supplier Kappa,1010,0.9,0.26
S511,Supplier Lambda,1011,0.97,0.31
S512,Supplier Mu,1012,0.75,0.06
S513,Supplier Nu,1013,0.93,0.18
S514,Supplier Xi,1014,0.73,0.27
S515,Supplier Omicron,1015,0.95,0.32
S516,TechCorp Inc,1016,0.73,0.32
S517,Global Parts Ltd,1017,0.89,0.29
S518,Quality Components,1018,0.78,0.18
S519,Reliable Supply Co,1019,0.8,0.05
S520,Premium Materials,1020,0.94,0.08
S521,FastTrack Logistics,1021,0.71,0.3
S522,Elite Manufacturing,1022,0.7,0.13
S523,Core Systems,1023,0.68,0.29
S524,Advanced Solutions,1024,0.92,0.42
S525,Prime Vendors,1025,0.73,0.08
S526,Supplier Alpha,1001,0.89,0.17
S527,Supplier Beta,1002,0.89,0.15
S528,Supplier Gamma,1003,0.71,0.15
S529,Supplier Delta,1004,0.74,0.23
S530,Supplier Epsilon,1005,0.86,0.16
S531,Supplier Zeta,1006,0.91,0.08
S532,Supplier Eta,1007,0.97,0.21
S533,Supplier Theta,1008,0.71,0.23
S534,Supplier Iota,1009,0.82,0.34
S535,Supplier Kappa,1010,0.9,0.38
S536,Supplier Lambda,1011,0.91,0.06
S537,Supplier Mu,1012,0.78,0.39
S538,Supplier Nu,1013,0.9,0.42
S539,Supplier Xi,1014,0.85,0.11
S540,Supplier Omicron,1015,0.89,0.15
S541,TechCorp Inc,1016,0.8,0.23
S542,Global Parts Ltd,1017,0.77,0.29
S543,Quality Components,1018,0.67,0.1
S544,Reliable Supply Co,1019,0.8,0.11
S545,Premium Materials,1020,0.71,0.06
S546,FastTrack Logistics,1021,0.82,0.34
S547,Elite Manufacturing,1022,0.81,0.42
S548,Core Systems,1023,0.96,0.44
S549,Advanced Solutions,1024,0.77,0.25
S550,Prime Vendors,1025,0.86,0.29
S551,Supplier Alpha,1001,0.78,0.07
S552,Supplier Beta,1002,0.95,0.2
S553,Supplier Gamma,1003,0.84,0.13
S554,Supplier Delta,1004,0.79,0.15
S555,Supplier Epsilon,1005,0.95,0.34
S556,Supplier Zeta,1006,0.82,0.25
S557,Supplier Eta,1007,0.88,0.33
S558,Supplier Theta,1008,0.86,0.42
S559,Supplier Iota,1009,0.89,0.15
S560,Supplier Kappa,1010,0.66,0.38
S561,Supplier Lambda,1011,0.86,0.32
S562,Supplier Mu,1012,0.88,0.31
S563,Supplier Nu,1013,0.74,0.23
S564,Supplier Xi,1014,0.87,0.15
S565,Supplier Omicron,1015,0.85,0.43
S566,TechCorp Inc,1016,0.93,0.05
S567,Global Parts Ltd,1017,0.9,0.31
S568,Quality Components,1018,0.95,0.21
S569,Reliable Supply Co,1019,0.84,0.41
S570,Premium Materials,1020,0.82,0.13
S571,FastTrack Logistics,1021,0.79,0.38
S572,Elite Manufacturing,1022,0.73,0.17
S573,Core Systems,1023,0.97,0.31
S574,Advanced Solutions,1024,0.78,0.17
S575,Prime Vendors,1025,0.79,0.4
S576,Supplier Alpha,1001,0.89,0.09
S577,Supplier Beta,1002,0.86,0.36
S578,Supplier Gamma,1003,0.76,0.11
S579,Supplier Delta,1004,0.9,0.42
S580,Supplier Epsilon,1005,0.78,0.17
S581,Supplier Zeta,1006,0.98,0.38
S582,Supplier Eta,1007,0.65,0.08
S583,Supplier Theta,1008,0.88,0.26
S584,Supplier Iota,1009,0.87,0.34
S585,Supplier Kappa,1010,0.71,0.2
S586,Supplier Lambda,1011,0.88,0.13
S587,Supplier Mu,1012,0.71,0.43
S588,Supplier Nu,1013,0.8,0.38
S589,Supplier Xi,1014,0.71,0.07
S590,Supplier Omicron,1015,0.71,0.35
S591,TechCorp Inc,1016,0.74,0.41
S592,Global Parts Ltd,1017,0.78,0.3
S593,Quality Components,1018,0.86,0.4
S594,Reliable Supply Co,1019,0.7,0.17
S595,Premium Materials,1020,0.77,0.16
S596,FastTrack Logistics,1021,0.76,0.28
S597,Elite Manufacturing,1022,0.81,0.32
S598,Core Systems,1023,0.68,0.07
S599,Advanced Solutions,1024,0.9,0.05
S600,Prime Vendors,1025,0.84,0.45
S601,Supplier Alpha,1001,0.68,0.26
S602,Supplier Beta,1002,0.65,0.29
S603,Supplier Gamma,1003,0.98,0.35
S604,Supplier Delta,1004,0.96,0.24
S605,Supplier Epsilon,1005,0.76,0.22
S606,Supplier Zeta,1006,0.77,0.41
S607,Supplier Eta,1007,0.98,0.38
S608,Supplier Theta,1008,0.96,0.32
S609,Supplier Iota,1009,0.77,0.07
S610,Supplier Kappa,1010,0.77,0.18
S611,Supplier Lambda,1011,0.68,0.23
S612,Supplier Mu,1012,0.88,0.34
S613,Supplier Nu,1013,0.94,0.11
S614,Supplier Xi,1014,0.85,0.4
S615,Supplier Omicron,1015,0.74,0.33
S616,TechCorp Inc,1016,0.92,0.2
S617,Global Parts Ltd,1017,0.85,0.31
S618,Quality Components,1018,0.81,0.22
S619,Reliable Supply Co,1019,0.71,0.44
S620,Premium Materials,1020,0.97,0.38
S621,FastTrack Logistics,1021,0.66,0.19
S622,Elite Manufacturing,1022,0.67,0.37
S623,Core Systems,1023,0.76,0.23
S624,Advanced Solutions,1024,0.85,0.21
S625,Prime Vendors,1025,0.85,0.08
S626,Supplier Alpha,1001,0.79,0.42
S627,Supplier Beta,1002,0.96,0.44
S628,Supplier Gamma,1003,0.93,0.41
S629,Supplier Delta,1004,0.89,0.17
S630,Supplier Epsilon,1005,0.71,0.11
S631,Supplier Zeta,1006,0.82,0.28
S632,Supplier Eta,1007,0.93,0.25
S633,Supplier Theta,1008,0.69,0.37
S634,Supplier Iota,1009,0.75,0.32
S635,Supplier Kappa,1010,0.83,0.4
S636,Supplier Lambda,1011,0.71,0.23
S637,Supplier Mu,1012,0.69,0.32
S638,Supplier Nu,1013,0.73,0.13
S639,Supplier Xi,1014,0.9,0.31
S640,Supplier Omicron,1015,0.68,0.22
S641,TechCorp Inc,1016,0.89,0.11
S642,Global Parts Ltd,1017,0.96,0.41
S643,Quality Components,1018,0.9,0.14
S644,Reliable Supply Co,1019,0.74,0.24
S645,Premium Materials,1020,0.95,0.1
S646,FastTrack Logistics,1021,0.69,0.26
S647,Elite Manufacturing,1022,0.89,0.09
S648,Core Systems,1023,0.88,0.4
S649,Advanced Solutions,1024,0.96,0.36
S650,Prime Vendors,1025,0.85,0.31
S651,Supplier Alpha,1001,0.77,0.34
S652,Supplier Beta,1002,0.89,0.2
S653,Supplier Gamma,1003,0.86,0.27
S654,Supplier Delta,1004,0.93,0.37
S655,Supplier Epsilon,1005,0.72,0.1
S656,Supplier Zeta,1006,0.68,0.09
S657,Supplier Eta,1007,0.89,0.42
S658,Supplier Theta,1008,0.9,0.1
S659,Supplier Iota,1009,0.77,0.39
S660,Supplier Kappa,1010,0.96,0.28
S661,Supplier Lambda,1011,0.65,0.07
S662,Supplier Mu,1012,0.83,0.39
S663,Supplier Nu,1013,0.97,0.18
S664,Supplier Xi,1014,0.77,0.32
S665,Supplier Omicron,1015,0.91,0.26
S666,TechCorp Inc,1016,0.85,0.14
S667,Global Parts Ltd,1017,0.78,0.27
S668,Quality Components,1018,0.8,0.11
S669,Reliable Supply Co,1019,0.96,0.38
S670,Premium Materials,1020,0.81,0.23
S671,FastTrack Logistics,1021,0.85,0.11
S672,Elite Manufacturing,1022,0.87,0.37
S673,Core Systems,1023,0.88,0.29
S674,Advanced Solutions,1024,0.75,0.45
S675,Prime Vendors,1025,0.69,0.45
S676,Supplier Alpha,1001,0.88,0.24
S677,Supplier Beta,1002,0.92,0.25
S678,Supplier Gamma,1003,0.88,0.2
S679,Supplier Delta,1004,0.97,0.18
S680,Supplier Epsilon,1005,0.92,0.13
S681,Supplier Zeta,1006,0.89,0.37
S682,Supplier Eta,1007,0.88,0.07
S683,Supplier Theta,1008,0.94,0.12
S684,Supplier Iota,1009,0.81,0.21
S685,Supplier Kappa,1010,0.97,0.31
S686,Supplier Lambda,1011,0.93,0.45
S687,Supplier Mu,1012,0.83,0.18
S688,Supplier Nu,1013,0.87,0.45
S689,Supplier Xi,1014,0.9,0.21
S690,Supplier Omicron,1015,0.82,0.16
S691,TechCorp Inc,1016,0.88,0.13
S692,Global Parts Ltd,1017,0.93,0.21
S693,Quality Components,1018,0.69,0.35
S694,Reliable Supply Co,1019,0.84,0.37
S695,Premium Materials,1020,0.93,0.33
S696,FastTrack Logistics,1021,0.8,0.12
S697,Elite Manufacturing,1022,0.7,0.33
S698,Core Systems,1023,0.75,0.11
S699,Advanced Solutions,1024,0.72,0.35
S700,Prime Vendors,1025,0.89,0.05
S701,Supplier Alpha,1001,0.89,0.28
S702,Supplier Beta,1002,0.87,0.45
S703,Supplier Gamma,1003,0.7,0.43
S704,Supplier Delta,1004,0.79,0.39
S705,Supplier Epsilon,1005,0.96,0.09
S706,Supplier Zeta,1006,0.97,0.12
S707,Supplier Eta,1007,0.67,0.44
S708,Supplier Theta,1008,0.86,0.29
S709,Supplier Iota,1009,0.97,0.3
S710,Supplier Kappa,1010,0.78,0.06
S711,Supplier Lambda,1011,0.73,0.25
S712,Supplier Mu,1012,0.88,0.43
S713,Supplier Nu,1013,0.87,0.2
S714,Supplier Xi,1014,0.88,0.37
S715,Supplier Omicron,1015,0.87,0.36
S716,TechCorp Inc,1016,0.94,0.31
S717,Global Parts Ltd,1017,0.74,0.31
S718,Quality Components,1018,0.77,0.1
S719,Reliable Supply Co,1019,0.68,0.25
S720,Premium Materials,1020,0.87,0.25
S721,FastTrack Logistics,1021,0.66,0.28
S722,Elite Manufacturing,1022,0.84,0.16
S723,Core Systems,1023,0.9,0.37
S724,Advanced Solutions,1024,0.71,0.24
S725,Prime Vendors,1025,0.86,0.22
S726,Supplier Alpha,1001,0.84,0.09
S727,Supplier Beta,1002,0.67,0.41
S728,Supplier Gamma,1003,0.91,0.12
S729,Supplier Delta,1004,0.92,0.06
S730,Supplier Epsilon,1005,0.83,0.26
S731,Supplier Zeta,1006,0.92,0.25
S732,Supplier Eta,1007,0.82,0.28
S733,Supplier Theta,1008,0.89,0.37
S734,Supplier Iota,1009,0.69,0.35
S735,Supplier Kappa,1010,0.97,0.41
S736,Supplier Lambda,1011,0.71,0.29
S737,Supplier Mu,1012,0.71,0.27
S738,Supplier Nu,1013,0.91,0.1
S739,Supplier Xi,1014,0.69,0.13
S740,Supplier Omicron,1015,0.7,0.27
S741,TechCorp Inc,1016,0.93,0.06
S742,Global Parts Ltd,1017,0.97,0.25
S743,Quality Components,1018,0.77,0.27
S744,Reliable Supply Co,1019,0.79,0.43
S745,Premium Materials,1020,0.65,0.17
S746,FastTrack Logistics,1021,0.96,0.26
S747,Elite Manufacturing,1022,0.91,0.31
S748,Core Systems,1023,0.8,0.28
S749,Advanced Solutions,1024,0.88,0.26
S750,Prime Vendors,1025,0.98,0.19
S751,Supplier Alpha,1001,0.83,0.13
S752,Supplier Beta,1002,0.68,0.38
S753,Supplier Gamma,1003,0.73,0.13
S754,Supplier Delta,1004,0.75,0.38
S755,Supplier Epsilon,1005,0.97,0.29
S756,Supplier Zeta,1006,0.72,0.19
S757,Supplier Eta,1007,0.69,0.3
S758,Supplier Theta,1008,0.67,0.15
S759,Supplier Iota,1009,0.78,0.41
S760,Supplier Kappa,1010,0.78,0.08
S761,Supplier Lambda,1011,0.73,0.22
S762,Supplier Mu,1012,0.88,0.26
S763,Supplier Nu,1013,0.67,0.34
S764,Supplier Xi,1014,0.98,0.33
S765,Supplier Omicron,1015,0.71,0.2
S766,TechCorp Inc,1016,0.87,0.38
S767,Global Parts Ltd,1017,0.85,0.22
S768,Quality Components,1018,0.7,0.45
S769,Reliable Supply Co,1019,0.79,0.06
S770,Premium Materials,1020,0.85,0.08
S771,FastTrack Logistics,1021,0.69,0.09
S772,Elite Manufacturing,1022,0.83,0.08
S773,Core Systems,1023,0.86,0.2
S774,Advanced Solutions,1024,0.76,0.16
S775,Prime Vendors,1025,0.94,0.14
S776,Supplier Alpha,1001,0.65,0.2
S777,Supplier Beta,1002,0.97,0.2
S778,Supplier Gamma,1003,0.68,0.42
S779,Supplier Delta,1004,0.71,0.34
S780,Supplier Epsilon,1005,0.75,0.38
S781,Supplier Zeta,1006,0.81,0.26
S782,Supplier Eta,1007,0.88,0.4
S783,Supplier Theta,1008,0.83,0.29
S784,Supplier Iota,1009,0.95,0.12
S785,Supplier Kappa,1010,0.96,0.21
S786,Supplier Lambda,1011,0.76,0.35
S787,Supplier Mu,1012,0.97,0.26
S788,Supplier Nu,1013,0.85,0.39
S789,Supplier Xi,1014,0.81,0.1
S790,Supplier Omicron,1015,0.65,0.26
S791,TechCorp Inc,1016,0.7,0.1
S792,Global Parts Ltd,1017,0.78,0.34
S793,Quality Components,1018,0.67,0.34
S794,Reliable Supply Co,1019,0.97,0.33
S795,Premium Materials,1020,0.73,0.29
S796,FastTrack Logistics,1021,0.88,0.12
S797,Elite Manufacturing,1022,0.98,0.37
S798,Core Systems,1023,0.82,0.16
S799,Advanced Solutions,1024,0.79,0.43
S800,Prime Vendors,1025,0.94,0.38
S801,Supplier Alpha,1001,0.75,0.39
S802,Supplier Beta,1002,0.96,0.21
S803,Supplier Gamma,1003,0.75,0.09
S804,Supplier Delta,1004,0.68,0.34
S805,Supplier Epsilon,1005,0.96,0.12
S806,Supplier Zeta,1006,0.67,0.35
S807,Supplier Eta,1007,0.83,0.25
S808,Supplier Theta,1008,0.94,0.43
S809,Supplier Iota,1009,0.79,0.25
S810,Supplier Kappa,1010,0.89,0.24
S811,Supplier Lambda,1011,0.82,0.45
S812,Supplier Mu,1012,0.94,0.33
S813,Supplier Nu,1013,0.78,0.3
S814,Supplier Xi,1014,0.95,0.35
S815,Supplier Omicron,1015,0.89,0.33
S816,TechCorp Inc,1016,0.9,0.15
S817,Global Parts Ltd,1017,0.89,0.43
S818,Quality Components,1018,0.92,0.4
S819,Reliable Supply Co,1019,0.82,0.29
S820,Premium Materials,1020,0.85,0.44
S821,FastTrack Logistics,1021,0.87,0.4
S822,Elite Manufacturing,1022,0.82,0.14
S823,Core Systems,1023,0.67,0.39
S824,Advanced Solutions,1024,0.82,0.43
S825,Prime Vendors,1025,0.79,0.2
S826,Supplier Alpha,1001,0.77,0.1
S827,Supplier Beta,1002,0.95,0.15
S828,Supplier Gamma,1003,0.83,0.36
S829,Supplier Delta,1004,0.69,0.17
S830,Supplier Epsilon,1005,0.75,0.14
S831,Supplier Zeta,1006,0.89,0.28
S832,Supplier Eta,1007,0.72,0.17
S833,Supplier Theta,1008,0.96,0.31
S834,Supplier Iota,1009,0.92,0.06
S835,Supplier Kappa,1010,0.8,0.3
S836,Supplier Lambda,1011,0.81,0.19
S837,Supplier Mu,1012,0.85,0.18
S838,Supplier Nu,1013,0.77,0.05
S839,Supplier Xi,1014,0.94,0.12
S840,Supplier Omicron,1015,0.77,0.09
S841,TechCorp Inc,1016,0.81,0.08
S842,Global Parts Ltd,1017,0.82,0.11
S843,Quality Components,1018,0.69,0.24
S844,Reliable Supply Co,1019,0.7,0.31
S845,Premium Materials,1020,0.72,0.21
S846,FastTrack Logistics,1021,0.75,0.22
S847,Elite Manufacturing,1022,0.71,0.37
S848,Core Systems,1023,0.69,0.23
S849,Advanced Solutions,1024,0.93,0.11
S850,Prime Vendors,1025,0.77,0.22
S851,Supplier Alpha,1001,0.77,0.4
S852,Supplier Beta,1002,0.72,0.13
S853,Supplier Gamma,1003,0.66,0.21
S854,Supplier Delta,1004,0.9,0.41
S855,Supplier Epsilon,1005,0.7,0.13
S856,Supplier Zeta,1006,0.81,0.32
S857,Supplier Eta,1007,0.74,0.22
S858,Supplier Theta,1008,0.83,0.37
S859,Supplier Iota,1009,0.89,0.18
S860,Supplier Kappa,1010,0.9,0.4
S861,Supplier Lambda,1011,0.82,0.42
S862,Supplier Mu,1012,0.93,0.21
S863,Supplier Nu,1013,0.69,0.09
S864,Supplier Xi,1014,0.66,0.11
S865,Supplier Omicron,1015,0.82,0.36
S866,TechCorp Inc,1016,0.73,0.32
S867,Global Parts Ltd,1017,0.76,0.44
S868,Quality Components,1018,0.89,0.22
S869,Reliable Supply Co,1019,0.75,0.24
S870,Premium Materials,1020,0.9,0.15
S871,FastTrack Logistics,1021,0.7,0.25
S872,Elite Manufacturing,1022,0.73,0.36
S873,Core Systems,1023,0.94,0.45
S874,Advanced Solutions,1024,0.73,0.38
S875,Prime Vendors,1025,0.72,0.33
S876,Supplier Alpha,1001,0.92,0.33
S877,Supplier Beta,1002,0.82,0.12
S878,Supplier Gamma,1003,0.98,0.29
S879,Supplier Delta,1004,0.86,0.14
S880,Supplier Epsilon,1005,0.69,0.07
S881,Supplier Zeta,1006,0.98,0.42
S882,Supplier Eta,1007,0.79,0.3
S883,Supplier Theta,1008,0.68,0.07
S884,Supplier Iota,1009,0.78,0.17
S885,Supplier Kappa,1010,0.86,0.14
S886,Supplier Lambda,1011,0.76,0.24
S887,Supplier Mu,1012,0.82,0.31
S888,Supplier Nu,1013,0.75,0.16
S889,Supplier Xi,1014,0.74,0.19
S890,Supplier Omicron,1015,0.79,0.18
S891,TechCorp Inc,1016,0.67,0.07
S892,Global Parts Ltd,1017,0.67,0.35
S893,Quality Components,1018,0.72,0.24
S894,Reliable Supply Co,1019,0.95,0.09
S895,Premium Materials,1020,0.71,0.43
S896,FastTrack Logistics,1021,0.77,0.17
S897,Elite Manufacturing,1022,0.68,0.06
S898,Core Systems,1023,0.83,0.39
S899,Advanced Solutions,1024,0.76,0.35
S900,Prime Vendors,1025,0.77,0.36
S901,Supplier Alpha,1001,0.82,0.2
S902,Supplier Beta,1002,0.86,0.13
S903,Supplier Gamma,1003,0.78,0.4
S904,Supplier Delta,1004,0.69,0.35
S905,Supplier Epsilon,1005,0.69,0.28
S906,Supplier Zeta,1006,0.95,0.31
S907,Supplier Eta,1007,0.71,0.33
S908,Supplier Theta,1008,0.96,0.08
S909,Supplier Iota,1009,0.83,0.19
S910,Supplier Kappa,1010,0.89,0.45
S911,Supplier Lambda,1011,0.72,0.34
S912,Supplier Mu,1012,0.66,0.13
S913,Supplier Nu,1013,0.83,0.15
S914,Supplier Xi,1014,0.94,0.39
S915,Supplier Omicron,1015,0.95,0.44
S916,TechCorp Inc,1016,0.95,0.23
S917,Global Parts Ltd,1017,0.89,0.41
S918,Quality Components,1018,0.67,0.22
S919,Reliable Supply Co,1019,0.96,0.25
S920,Premium Materials,1020,0.66,0.29
S921,FastTrack Logistics,1021,0.88,0.1
S922,Elite Manufacturing,1022,0.66,0.28
S923,Core Systems,1023,0.91,0.33
S924,Advanced Solutions,1024,0.89,0.21
S925,Prime Vendors,1025,0.88,0.4
S926,Supplier Alpha,1001,0.97,0.12
S927,Supplier Beta,1002,0.9,0.2
S928,Supplier Gamma,1003,0.91,0.21
S929,Supplier Delta,1004,0.74,0.12
S930,Supplier Epsilon,1005,0.7,0.14
S931,Supplier Zeta,1006,0.88,0.4
S932,Supplier Eta,1007,0.91,0.23
S933,Supplier Theta,1008,0.88,0.26
S934,Supplier Iota,1009,0.75,0.14
S935,Supplier Kappa,1010,0.88,0.27
S936,Supplier Lambda,1011,0.71,0.07
S937,Supplier Mu,1012,0.73,0.07
S938,Supplier Nu,1013,0.7,0.4
S939,Supplier Xi,1014,0.96,0.16
S940,Supplier Omicron,1015,0.91,0.31
S941,TechCorp Inc,1016,0.73,0.38
S942,Global Parts Ltd,1017,0.83,0.05
S943,Quality Components,1018,0.76,0.29
S944,Reliable Supply Co,1019,0.77,0.08
S945,Premium Materials,1020,0.88,0.27
S946,FastTrack Logistics,1021,0.89,0.21
S947,Elite Manufacturing,1022,0.85,0.18
S948,Core Systems,1023,0.67,0.38
S949,Advanced Solutions,1024,0.92,0.14
S950,Prime Vendors,1025,0.97,0.12
S951,Supplier Alpha,1001,0.97,0.26
S952,Supplier Beta,1002,0.97,0.36
S953,Supplier Gamma,1003,0.91,0.09
S954,Supplier Delta,1004,0.9,0.2
S955,Supplier Epsilon,1005,0.87,0.4
S956,Supplier Zeta,1006,0.86,0.27
S957,Supplier Eta,1007,0.92,0.14
S958,Supplier Theta,1008,0.74,0.28
S959,Supplier Iota,1009,0.92,0.35
S960,Supplier Kappa,1010,0.7,0.14
S961,Supplier Lambda,1011,0.89,0.2
S962,Supplier Mu,1012,0.95,0.09
S963,Supplier Nu,1013,0.71,0.12
S964,Supplier Xi,1014,0.93,0.13
S965,Supplier Omicron,1015,0.81,0.34
S966,TechCorp Inc,1016,0.86,0.06
S967,Global Parts Ltd,1017,0.7,0.12
S968,Quality Components,1018,0.78,0.29
S969,Reliable Supply Co,1019,0.67,0.08
S970,Premium Materials,1020,0.73,0.41
S971,FastTrack Logistics,1021,0.97,0.09
S972,Elite Manufacturing,1022,0.82,0.34
S973,Core Systems,1023,0.92,0.29
S974,Advanced Solutions,1024,0.77,0.06
S975,Prime Vendors,1025,0.92,0.36
S976,Supplier Alpha,1001,0.86,0.07
S977,Supplier Beta,1002,0.73,0.08
S978,Supplier Gamma,1003,0.7,0.3
S979,Supplier Delta,1004,0.65,0.44
S980,Supplier Epsilon,1005,0.97,0.09
S981,Supplier Zeta,1006,0.89,0.19
S982,Supplier Eta,1007,0.88,0.13
S983,Supplier Theta,1008,0.81,0.28
S984,Supplier Iota,1009,0.8,0.12
S985,Supplier Kappa,1010,0.76,0.11
S986,Supplier Lambda,1011,0.67,0.33
S987,Supplier Mu,1012,0.86,0.1
S988,Supplier Nu,1013,0.92,0.09
S989,Supplier Xi,1014,0.75,0.25
S990,Supplier Omicron,1015,0.93,0.11
S991,TechCorp Inc,1016,0.95,0.06
S992,Global Parts Ltd,1017,0.79,0.11
S993,Quality Components,1018,0.87,0.14
S994,Reliable Supply Co,1019,0.94,0.2
S995,Premium Materials,1020,0.94,0.38
S996,FastTrack Logistics,1021,0.69,0.12
S997,Elite Manufacturing,1022,0.69,0.09
S998,Core Systems,1023,0.97,0.19
S999,Advanced Solutions,1024,0.85,0.1
S1000,Prime Vendors,1025,0.95,0.42
